id,ids,name,primary_artist,venue_name,city,state,country,url,window,local_date,start_datetime,date_start,date_end,multi_night,night_count,score,ai_priority,ai_reason
G5vYZ_195TiVO,['G5vYZ_195TiVO'],Niall Horan: Dinner Party Live On Tour,Niall Horan,Chase Center,San Francisco,CA,US,https://www.ticketmaster.com/niall-horan-dinner-party-live-on-san-francisco-california-05-25-2027/event/1C0064A5CBFECD20,far_out,2027-05-25,2027-05-26T02:30:00+00:00,2027-05-26T02:30:00+00:00,2027-05-26T02:30:00+00:00,False,1,0.6549999999999999,8,"Niall Horan's Dinner Party Live On Tour promises a unique experience blending music and dining, appealing to both fans and foodies."
G5vYZ_K6tphZ4,['G5vYZ_K6tphZ4'],Lizzy McAlpine: The Over Country Tour,Lizzy McAlpine,Chase Center,San Francisco,CA,US,https://www.ticketmaster.com/lizzy-mcalpine-the-over-country-tour-san-francisco-california-07-13-2027/event/1C006531E959B015,far_out,2027-07-13,2027-07-14T02:00:00+00:00,2027-07-14T02:00:00+00:00,2027-07-14T02:00:00+00:00,False,1,0.6549999999999999,8,Lizzy McAlpine's rising star status and emotive songwriting make her tour a must-see for indie pop fans.
G5vYZ_30jAtQd,['G5vYZ_30jAtQd'],Disappear Here: A Ten Year Celebration,Bad Suns,August Hall,San Francisco,CA,US,https://www.ticketmaster.com/disappear-here-a-ten-year-celebration-san-francisco-california-01-26-2027/event/1C0065291C169683,far_out,2027-01-26,2027-01-27T04:00:00+00:00,2027-01-27T04:00:00+00:00,2027-01-27T04:00:00+00:00,False,1,0.649,7,"Bad Suns' 10-year celebration showcases their evolution in the alt-rock scene, making it a nostalgic yet fresh experience."
G5vYZ_5KszTeQ,['G5vYZ_5KszTeQ'],Nothing But Thieves: The Stray Dogs World Tour,Nothing But Thieves,Fox Theater - Oakland,Oakland,CA,US,https://www.ticketmaster.com/nothing-but-thieves-the-stray-dogs-oakland-california-04-03-2027/event/1C0064B4F1E3F09A,far_out,2027-04-03,2027-04-04T03:00:00+00:00,2027-04-04T03:00:00+00:00,2027-04-04T03:00:00+00:00,False,1,0.634,7,"Nothing But Thieves are known for their electrifying live performances, making their Stray Dogs World Tour a highlight."
G5vYZ_8RMVL2x,['G5vYZ_8RMVL2x'],Yuri & Lucero - ENTRE AMIGAS TOUR,Yuri,SAP Center at San Jose,San Jose,CA,US,https://www.ticketmaster.com/yuri-lucero-entre-amigas-tour-san-jose-california-04-15-2027/event/1C00650BF7D1F3E2,far_out,2027-04-15,2027-04-16T03:00:00+00:00,2027-04-16T03:00:00+00:00,2027-04-16T03:00:00+00:00,False,1,0.6459999999999999,6,"Yuri's ENTRE AMIGAS TOUR is a unique blend of pop and cultural celebration, promising an engaging live experience."
G5vYZ_GRA3gjR,['G5vYZ_GRA3gjR'],Polyphia: BE NOT AFRAID World Tour ,Polyphia,The Masonic,San Francisco,CA,US,https://www.ticketmaster.com/polyphia-be-not-afraid-world-tour-san-francisco-california-02-14-2027/event/1C0064CBC54B572F,far_out,2027-02-14,2027-02-15T03:30:00+00:00,2027-02-15T03:30:00+00:00,2027-02-15T03:30:00+00:00,False,1,0.631,6,Polyphia's BE NOT AFRAID World Tour is set to deliver a captivating blend of progressive rock and instrumental flair.
Z7r9jZ1A70_4z,['Z7r9jZ1A70_4z'],Blue October,Blue October,The Regency Ballroom,San Francisco,CA,US,https://www.ticketmaster.com/event/Z7r9jZ1A70_4z,far_out,2027-02-18,2027-02-19T04:00:00+00:00,2027-02-19T04:00:00+00:00,2027-02-19T04:00:00+00:00,False,1,0.628,6,Blue October's emotive sound and dedicated fanbase make their show a compelling choice for alternative rock enthusiasts.
Z7r9jZ1A70o1d,['Z7r9jZ1A70o1d'],Bouncing Souls w/ The Suicide Machines,The Bouncing Souls,The UC Theatre,Berkeley,CA,US,https://www.ticketmaster.com/event/Z7r9jZ1A70o1d,far_out,2027-02-17,2027-02-18T03:00:00+00:00,2027-02-18T03:00:00+00:00,2027-02-18T03:00:00+00:00,False,1,0.622,6,The Bouncing Souls' collaboration with The Suicide Machines promises an energetic night for punk rock fans.
G5vYZ_3EdAxnR,['G5vYZ_3EdAxnR'],Spin Doctors - Pocket Full Of Kryptonite 35th Anniversary,Spin Doctors,The Fillmore,San Francisco,CA,US,https://www.ticketmaster.com/spin-doctors-pocket-full-of-kryptonite-san-francisco-california-02-25-2027/event/1C006529C3162AAF,far_out,2027-02-25,2027-02-26T04:00:00+00:00,2027-02-26T04:00:00+00:00,2027-02-26T04:00:00+00:00,False,1,0.634,5,Spin Doctors' anniversary tour offers a nostalgic trip for fans of 90s rock.
G5vYZ_KFrbG76,['G5vYZ_KFrbG76'],Death From Above 1979,Death From Above 1979,August Hall,San Francisco,CA,US,https://www.ticketmaster.com/death-from-above-1979-san-francisco-california-02-11-2027/event/1C0065321E60C107,far_out,2027-02-11,2027-02-12T04:00:00+00:00,2027-02-12T04:00:00+00:00,2027-02-12T04:00:00+00:00,False,1,0.619,5,Death From Above 1979's return to the stage is a treat for fans of dance-punk and high-energy performances.
G5vYZ_3niOlHo,['G5vYZ_3niOlHo'],The Lemonheads: The Love Chant Tour,The Lemonheads,August Hall,San Francisco,CA,US,https://www.ticketmaster.com/the-lemonheads-the-love-chant-tour-san-francisco-california-03-07-2027/event/1C00652AAC82BF11,far_out,2027-03-07,2027-03-08T04:30:00+00:00,2027-03-08T04:30:00+00:00,2027-03-08T04:30:00+00:00,False,1,0.619,5,The Lemonheads' tour is a nostalgic nod to their influential sound in the alternative rock scene.
G5vYZ_82GUJke,['G5vYZ_82GUJke'],The Mary Wallopers,The Mary Wallopers,August Hall,San Francisco,CA,US,https://www.ticketmaster.com/the-mary-wallopers-san-francisco-california-04-01-2027/event/1C006503CCDA6182,far_out,2027-04-01,2027-04-02T03:00:00+00:00,2027-04-02T03:00:00+00:00,2027-04-02T03:00:00+00:00,False,1,0.619,5,"The Mary Wallopers' tour is a fresh take on traditional music, promising an engaging live performance."
G5vYZ_K6cIDVV,['G5vYZ_K6cIDVV'],Los Tigres del Norte,Los Tigres del Norte,SAP Center at San Jose,San Jose,CA,US,https://www.ticketmaster.com/los-tigres-del-norte-san-jose-california-02-20-2027/event/1C006531EDA3BD34,far_out,2027-02-20,2027-02-21T04:00:00+00:00,2027-02-21T04:00:00+00:00,2027-02-21T04:00:00+00:00,False,1,0.586,5,Los Tigres del Norte's legacy in Latin music makes their concert a significant cultural event.
G5vYZ_3T0dUAS,['G5vYZ_3T0dUAS'],strongboi (Moved from The Independent),strongboi,The Castro Theatre,San Francisco,CA,US,https://www.ticketmaster.com/strongboi-moved-from-the-independent-san-francisco-california-03-09-2027/event/1C00652FE40F6173,far_out,2027-03-09,2027-03-10T04:00:00+00:00,2027-03-10T04:00:00+00:00,2027-03-10T04:00:00+00:00,False,1,0.58,5,Alaska Thunderf*ck's tour is set to be a vibrant celebration of drag culture and performance art.
G5vYZ_3NpydIE,['G5vYZ_3NpydIE'],Elevation Worship & Steven Furtick,Elevation Worship,Oakland Arena,Oakland,CA,US,https://www.ticketmaster.com/elevation-worship-steven-furtick-oakland-california-03-02-2027/event/1C006528D6E43A27,far_out,2027-03-02,2027-03-03T03:00:00+00:00,2027-03-03T03:00:00+00:00,2027-03-03T03:00:00+00:00,False,1,0.5589999999999999,5,Elevation Worship's event promises a powerful and uplifting experience for fans of contemporary Christian music.
G5vYZ_C6wKPtg,['G5vYZ_C6wKPtg'],THE CALIFORNIA HONEYDROPS - SAN FRANCISCO 2027 With Family & Friends,The California Honeydrops,The Fillmore,San Francisco,CA,US,https://www.ticketmaster.com/the-california-honeydrops-san-francisco-2027-san-francisco-california-01-28-2027/event/1C0064E1F24E5A75,far_out,2027-01-28,2027-01-29T04:00:00+00:00,2027-01-29T04:00:00+00:00,2027-01-29T04:00:00+00:00,False,1,0.544,5,"The California Honeydrops' shows are known for their infectious energy and blend of genres, making them a crowd favorite."
G5vYZ_K6wiGg_,['G5vYZ_K6wiGg_'],Ha*Ash - No Me Hablen de Amor,Ha*Ash,San Jose Civic,San Jose,CA,US,https://www.ticketmaster.com/haash-no-me-hablen-de-amor-san-jose-california-05-06-2027/event/1C006531F2B0CD59,far_out,2027-05-06,2027-05-07T03:00:00+00:00,2027-05-07T03:00:00+00:00,2027-05-07T03:00:00+00:00,False,1,0.541,5,"Ha*Ash's tour promises a lively mix of pop and Latin sounds, appealing to a diverse audience."
G5vYZ_5pjciOj,"['G5vYZ_5pjciOj', 'G5vYZ_5pqFjJa']",BottleRock Napa Valley,BottleRock Napa Valley,Napa Valley Expo,Napa,CA,US,https://on.fgtix.com/trk/6lUK,far_out,2027-05-28,2027-05-28T18:30:00+00:00,2027-05-28T18:30:00+00:00,2027-05-29T18:30:00+00:00,True,2,0.49,5,BottleRock Napa Valley's multi-day festival format offers a unique opportunity to experience various artists.
G5vYZ_oK5HLNw,['G5vYZ_oK5HLNw'],Stella Lefty: Long Way Home Tour,Stella Lefty,The Masonic,San Francisco,CA,US,https://www.ticketmaster.com/stella-lefty-long-way-home-tour-san-francisco-california-02-09-2027/event/1C006514CBF1F8F2,far_out,2027-02-09,2027-02-10T04:00:00+00:00,2027-02-10T04:00:00+00:00,2027-02-10T04:00:00+00:00,False,1,0.631,,
